pdb_code,chain,mutation,mutation_type,ddg,ddg_dynamut2,ddg_dynamut,ddg_mcsm,ddg_mupro,ddg_encom,ddg_duet,ddg_sdm,ddg_imutant,ddg_maestro
1AJ3,A,H10A,F,0.50,-0.01,0.35,0.46,-2.28,-0.28,0.48,1.34,-0.14,-0.14
1AJ3,A,A10H,R,-0.50,0.09,0.16,-0.26,-0.39,-0.60,-0.37,-1.33,0.06,-0.14
1AJ3,A,I23A,F,-3.60,-2.75,-0.86,-2.55,-2.28,1.05,-2.86,-2.25,-1.80,0.25
1AJ3,A,E25A,F,0.10,-0.88,1.96,-0.83,-2.28,0.09,-0.61,1.29,-0.56,0.11
1AJ3,A,A25E,R,-0.10,0.51,-0.09,-0.64,-1.06,-0.10,-0.37,-0.95,-0.47,0.11
1AJ3,A,K26A,F,0.00,-0.96,1.85,-1.15,-2.28,0.85,-1.00,3.06,-0.58,-0.08
1AJ3,A,A26K,R,0.00,0.19,-0.17,-1.11,-0.73,-0.71,-1.24,-5.17,-0.56,-0.04
1AJ3,A,V30A,F,-0.20,-1.31,-0.18,-1.56,-2.28,0.46,-1.54,-0.68,-1.21,-0.04
1AJ3,A,A30V,R,0.20,0.55,0.03,-0.60,-0.89,-0.46,-0.44,0.68,-1.10,-0.02
1AJ3,A,T40A,F,0.30,-0.46,1.95,-0.69,-2.28,0.28,-0.41,2.29,-0.90,-0.13
1AJ3,A,A40T,R,-0.30,0.51,-0.66,-0.81,-0.82,-0.28,-0.67,-2.29,-0.90,-0.13
1AJ3,A,V42A,F,-0.40,-0.29,-0.09,-0.63,-2.28,-0.01,-0.21,1.57,-1.17,-0.04
1AJ3,A,A42V,R,0.40,0.42,0.31,-0.48,-1.09,0.01,-0.24,-1.57,-1.21,-0.06
1AJ3,A,N44G,F,-0.40,-0.16,0.20,-0.37,-2.28,0.49,-0.50,-1.54,-2.30,-0.01
1AJ3,A,G44N,R,0.40,0.14,0.72,-1.25,-1.07,-0.48,-0.95,1.55,-2.18,-0.02
1AJ3,A,L45A,F,-0.20,-1.83,-0.89,-1.86,-2.28,0.45,-1.62,1.13,-2.13,0.20
1AJ3,A,A45L,R,0.20,0.85,0.28,-0.57,-3.35,-0.56,-0.36,-1.12,-2.26,0.21
1AJ3,A,K47A,F,0.40,-0.44,1.02,-0.47,-2.28,0.12,0.24,0.86,-0.39,0.09
1AJ3,A,A47K,R,-0.40,-1.80,0.27,-1.61,-1.17,-0.08,-1.34,-0.86,0.17,0.09
1AJ3,A,K47G,F,-0.50,-0.83,-0.61,-0.84,-2.28,0.07,-0.92,-2.77,-1.09,0.16
1AJ3,A,G47K,R,0.50,-2.18,-0.39,-1.66,-1.69,-0.05,-1.22,2.78,-0.39,0.16
1AJ3,A,I84A,F,-2.00,-2.01,-0.10,-2.27,-2.28,0.84,-2.43,-1.12,-1.74,0.31
1AJ3,A,A84I,R,2.00,1.20,0.33,-0.07,-1.49,-0.75,0.13,1.13,-1.96,0.30
1AJ3,A,Q86A,F,0.00,-0.01,0.41,-0.22,-2.28,0.01,0.12,0.99,0.43,0.16
1AJ3,A,A86Q,R,0.00,0.07,0.06,-1.02,-0.35,0.01,-0.71,-0.99,0.43,0.17
1AJ3,A,Q86G,F,-1.30,-0.66,-0.60,-0.43,-2.28,-0.03,-0.36,-2.85,-0.17,0.27
1AJ3,A,G86Q,R,1.30,0.72,0.67,-1.09,-0.93,0.02,-0.59,2.86,-0.17,0.27
1AJ3,A,L88A,F,-2.80,-2.70,0.21,-2.28,-2.28,1.08,-2.50,-1.45,-1.49,0.53
1AJ3,A,D93A,F,0.70,-0.26,1.65,-0.28,-2.28,0.11,0.07,2.04,-0.44,0.06
1AJ3,A,A93D,R,-0.70,0.10,-0.11,-1.68,-1.18,-0.10,-1.49,-2.03,-0.30,0.06
1AJ3,A,D93G,F,-0.30,-0.37,-0.37,-0.54,-2.28,0.06,-0.44,-1.90,-0.70,0.17
1AJ3,A,G93D,R,0.30,-0.09,0.37,-1.61,-1.76,-0.04,-1.14,1.91,-0.53,0.17
1AJ3,A,K96A,F,-0.40,-0.38,1.00,-0.50,-2.28,0.22,-0.27,0.86,0.13,0.14
1AJ3,A,A96K,R,0.40,0.19,0.14,-1.33,-0.35,-0.14,-1.03,-0.86,0.27,0.16
1AJ3,A,K96G,F,-1.30,-0.84,-0.81,-0.88,-2.28,0.21,-0.95,-2.77,-0.61,0.25
1AJ3,A,G96K,R,1.30,0.76,0.83,-1.34,-0.91,-0.12,-0.84,2.78,-0.41,0.25
1AJ3,A,L98A,F,-3.80,-2.33,0.14,-2.15,-2.28,1.24,-2.33,-1.45,-2.03,0.40
1AKY,A,Q48E,F,-0.96,0.12,-0.15,0.10,-0.08,-0.05,0.57,0.76,0.02,0.04
1AKY,A,E48Q,R,0.96,-0.00,0.10,0.09,-0.08,0.03,0.41,-0.76,-0.05,0.03
1AON,U,I48W,F,-0.20,-0.80,0.09,-1.42,-1.45,0.06,-1.20,1.34,-0.65,-0.07
1AON,U,W48I,R,0.20,-0.44,-0.09,-0.99,-1.45,0.10,0.79,-1.89,-0.60,0.00
1APS,A,I75V,F,-1.41,-1.10,0.41,-1.45,-1.50,0.41,-1.65,-1.28,-1.00,0.04
1APS,A,V75I,R,1.41,0.87,-0.07,-0.76,-1.50,-0.41,0.71,0.20,-0.99,0.05
1BNI,A,K27A,F,0.44,-0.69,1.77,-0.85,-1.62,0.63,0.71,0.96,-0.55,-0.05
1BNI,A,A27K,R,-0.44,0.16,-0.34,-0.95,-0.11,-0.55,-0.73,-0.95,-0.39,-0.05
1BNI,A,R59A,F,0.64,-0.47,0.42,-0.07,-1.62,-0.01,-0.03,0.11,-0.09,0.11
1BNI,A,A59R,R,-0.64,0.20,-0.01,-0.12,-1.08,0.01,-0.05,-0.10,-0.06,0.11
1BNI,A,I76T,F,-2.64,-2.37,-0.44,-2.74,-1.62,0.48,-2.99,-4.53,-2.58,0.23
1BTA,A,K22Q,F,-0.79,0.04,-0.01,-0.37,-0.28,0.01,-0.08,0.19,0.06,-0.09
1BTA,A,Q22K,R,0.79,0.11,0.48,-0.05,0.05,0.11,0.34,-0.19,-0.04,-0.08
1BTA,A,K60E,F,-1.17,-0.90,-0.06,-1.43,-0.28,0.12,-1.24,0.60,-0.57,0.16
1BTA,A,E60K,R,1.17,0.09,-0.28,-0.90,-0.53,-0.18,0.78,-0.60,-0.65,0.16
1BTA,A,R75L,F,0.75,0.52,0.14,0.17,-0.28,-0.38,0.29,1.17,0.25,-0.31
1BTA,A,L75R,R,-0.75,-0.69,0.56,-1.20,-0.28,0.51,-1.02,-1.17,0.25,-0.26
1BVC,A,H24V,F,-0.52,-0.37,1.25,-0.91,-0.71,0.45,-0.97,0.28,0.01,-0.24
1BVC,A,V24H,R,0.52,-1.69,0.07,-2.12,-0.25,-0.61,2.32,-1.64,-0.03,-0.25
1BVC,A,H48Q,F,-0.62,-0.00,0.07,0.13,-0.71,-0.00,0.14,-0.59,-0.04,-0.20
1BVC,A,Q48H,R,0.62,-0.04,0.35,0.03,-0.93,-0.11,0.02,0.59,-0.17,-0.19
1BVC,A,H119F,F,-0.68,1.04,0.22,0.41,-0.71,-0.36,0.15,0.85,0.06,-0.21
1BVC,A,F119H,R,0.68,-0.18,-0.76,-1.74,-0.71,0.35,-1.89,-1.64,-0.01,-0.15
1C9O,A,E12K,F,-0.32,0.27,0.63,0.44,-0.43,-0.02,0.62,0.36,-0.42,0.04
1C9O,A,K12E,R,0.32,0.01,-0.17,-0.26,-1.81,0.02,-0.15,-0.36,-0.44,0.04
1C9O,A,E21A,F,-0.29,-0.08,0.54,0.05,-0.43,0.06,0.21,0.29,0.00,0.14
1C9O,A,A21E,R,0.29,0.38,0.05,-0.69,-0.95,-0.43,-0.42,-0.28,0.01,0.14
1C9O,A,F38W,F,0.24,-0.15,0.36,-0.56,-0.43,0.00,-0.29,0.84,0.20,0.01
1C9O,A,W38F,R,-0.24,-0.07,0.78,-0.21,0.11,-0.01,0.07,-0.84,0.21,0.01
1C9O,A,E50K,F,-0.58,0.08,0.08,-0.54,-0.43,-0.07,-0.26,-0.56,-1.08,-0.05
1C9O,A,K50E,R,0.58,0.06,0.38,0.00,-1.56,-0.20,0.30,0.57,-1.14,-0.04
1C9O,A,R56E,F,0.69,-0.21,0.22,-0.35,-0.43,-0.24,-0.12,0.05,-0.04,-0.08
1C9O,A,E56R,R,-0.69,0.13,0.89,0.66,-0.43,0.08,0.64,-0.05,0.04,-0.09
1CEY,A,D12A,F,2.50,-1.45,1.54,-1.13,-1.58,-0.02,-1.04,3.54,-1.68,-0.15
1CEY,A,F14N,F,2.64,-0.59,-0.79,-1.17,-1.58,0.21,-1.29,-4.19,-1.36,-0.13
1CEY,A,D57A,F,3.30,0.30,0.79,-0.74,-1.58,0.01,-0.68,2.86,-1.50,-0.30
1CEY,A,A77G,F,-0.31,-0.46,0.43,-0.27,-1.58,0.01,0.17,2.36,-0.75,-0.13
1CEY,A,G77A,R,0.31,0.34,-0.20,-0.37,-1.61,-0.01,-0.02,-2.35,-0.80,-0.13
1CEY,A,A80G,F,0.43,-0.36,-0.35,-0.27,-1.58,0.02,-0.23,-2.54,-1.24,0.05
1CEY,A,G80A,R,-0.43,0.70,0.39,-0.24,-1.45,-0.02,0.12,2.55,-1.28,0.02
1CEY,A,A88G,F,0.04,-0.57,0.67,-0.59,-1.58,0.06,-0.40,-0.62,-1.47,-0.15
1CEY,A,G88A,R,-0.04,0.47,0.20,-0.45,-1.00,-0.07,-0.21,0.63,-1.47,-0.15
1CEY,A,A99G,F,-0.48,-0.43,-0.60,-0.48,-1.58,-0.17,-0.48,-3.88,-1.06,0.09
1CEY,A,G99A,R,0.48,0.77,1.64,-0.35,-1.58,0.18,0.13,3.88,-0.98,0.10
1CSE,I,V54A,F,-1.58,-1.65,-0.00,-1.74,-1.74,0.51,-2.02,-2.73,-2.14,0.45
1CSE,I,A54V,R,1.58,0.94,0.66,0.55,-1.74,-0.52,0.89,1.02,-2.14,0.40
1CSP,A,E3Q,F,1.14,-0.10,-0.07,-0.02,-0.51,-0.06,0.34,-0.55,0.25,-0.14
1CSP,A,Q3E,R,-1.14,0.54,-0.33,0.08,0.26,-0.02,0.50,0.56,0.40,-0.13
1CSP,A,E43S,F,0.29,-0.43,0.52,-0.64,-0.51,-0.05,-0.56,-0.11,-0.17,0.00
1CSP,A,S43E,R,-0.29,0.42,0.78,-0.11,-0.90,0.38,0.06,0.12,-0.20,-0.00
1CSP,A,S48R,F,1.58,-0.57,0.01,-0.66,-0.51,-0.64,-0.36,0.38,0.89,-0.01
1CSP,A,R48S,R,-1.58,-1.22,0.71,-1.30,-0.64,0.61,-1.15,-0.37,0.84,-0.01
1CSP,A,R56Q,F,0.28,-0.23,-0.10,-0.21,-0.51,0.25,0.01,-0.09,-0.05,-0.06
1CSP,A,Q56R,R,-0.28,0.29,0.14,0.21,-0.51,-0.02,0.32,0.10,0.00,-0.08
1CUN,A,Q115G,F,-1.15,-1.86,-0.02,-1.62,-2.37,0.94,-2.16,-4.60,-1.38,0.11
1CUN,A,G115Q,R,1.15,0.73,0.75,-0.94,-1.45,-1.43,-0.58,3.14,-1.58,0.04
1CUN,A,A126G,F,-1.65,-1.29,-0.93,-1.14,-2.37,-0.05,-1.20,-3.88,-0.73,0.06
1CUN,A,G126A,R,1.65,0.64,0.80,-0.79,-2.01,0.05,-0.32,3.88,-0.72,0.06
1CUN,A,I128A,F,-1.65,-2.63,-0.41,-2.73,-2.37,0.92,-3.05,-2.25,-1.88,0.14
1CUN,A,A128I,R,1.65,1.15,0.39,0.24,-1.90,-0.91,0.42,-0.01,-1.86,0.13
1CUN,A,I128V,F,-2.85,-0.58,-0.79,-1.67,-2.37,0.38,-1.82,-0.98,-0.01,0.07
1CUN,A,K152A,F,-0.15,0.07,0.03,-0.03,-2.37,0.00,0.24,0.86,0.04,0.08
1CUN,A,A152K,R,0.15,0.25,0.14,-0.96,-0.62,0.01,-0.61,-0.86,0.15,0.08
1CUN,A,K152G,F,-1.45,-0.45,-0.61,-0.28,-2.37,-0.05,-0.25,-2.77,-0.68,0.12
1CUN,A,G152K,R,1.45,0.36,0.55,-1.08,-1.14,0.04,-0.58,2.78,-0.43,0.12
1CUN,A,A156G,F,-1.45,-1.13,-1.15,-0.99,-2.37,-0.05,-0.98,-3.88,-1.22,0.00
1CUN,A,G156A,R,1.45,1.06,0.65,-0.63,-1.74,0.03,-0.09,3.88,-1.22,0.00
1CUN,A,F157L,F,-1.85,-2.01,0.68,-1.35,-2.37,0.40,-1.36,0.29,-0.84,-0.20
1CUN,A,L157F,R,1.85,-1.16,-0.46,-1.83,-0.86,-0.34,-1.97,-0.40,-0.84,-0.21
1CUN,A,A173G,F,-1.95,-0.30,-0.88,-0.69,-2.37,-0.05,-0.68,-3.88,-1.80,0.01
1CUN,A,G173A,R,1.95,0.94,0.70,-0.54,-1.37,0.05,-0.03,3.88,-1.80,0.01
1CUN,A,A191G,F,-1.35,-0.95,-0.69,-0.82,-2.37,-0.06,-0.81,-3.88,-1.34,0.00
1CUN,A,G191A,R,1.35,0.98,0.89,-0.56,-1.29,0.07,-0.03,3.88,-1.34,0.01
1CUN,A,M193A,F,-2.65,-1.93,-0.81,-2.33,-2.37,0.87,-2.32,-0.96,-1.77,0.14
1CUN,A,L196A,F,-4.55,-2.86,-0.42,-2.73,-2.37,1.16,-3.06,-2.34,-1.95,0.34
1CUN,A,S201A,F,0.15,-0.10,1.83,-0.58,-2.37,0.11,-0.25,2.26,0.08,-0.00
1CUN,A,A201S,R,-0.15,0.17,0.06,-0.91,-0.70,-0.06,-0.72,-2.25,0.10,-0.00
1CUN,A,S201G,F,-0.95,-0.20,-0.56,-0.73,-2.37,0.06,-0.69,-1.74,-0.44,0.02
1CUN,A,G201S,R,0.95,0.12,0.97,-1.05,-1.31,-0.06,-0.65,1.74,-0.41,0.02
1CUN,A,L203A,F,-4.05,-3.12,-0.62,-2.60,-2.37,1.19,-2.91,-2.34,-2.11,0.28
1CUN,A,A212G,F,-1.45,-1.07,-0.82,-1.07,-2.37,-0.10,-1.10,-3.88,-0.96,0.03
1CUN,A,G212A,R,1.45,1.02,1.33,-0.75,-1.60,0.10,-0.24,3.88,-0.95,0.03
1CUN,A,L214A,F,-3.65,-3.16,-0.63,-3.05,-2.37,1.19,-3.38,-2.34,-2.52,0.11
1DKT,A,S9A,F,-0.43,-0.24,0.88,-0.56,-1.53,0.22,-0.54,1.18,-0.84,0.10
1DKT,A,A9S,R,0.43,0.10,-0.56,-1.36,-2.21,-0.23,-1.30,-1.18,-0.80,0.09
1DKT,A,K11A,F,0.62,-0.69,1.39,-0.92,-1.53,0.43,-0.95,1.71,-0.47,0.10
1DKT,A,A11K,R,-0.62,0.36,0.02,-1.05,-1.39,-0.03,-0.93,-1.64,-0.39,0.11
1DKT,A,S39A,F,-0.60,-0.59,-0.11,-0.77,-1.53,-0.14,-0.76,-0.72,0.00,0.13
1DKT,A,A39S,R,0.60,0.24,-0.37,-1.27,-0.63,0.03,-1.06,-0.09,0.10,0.12
1DKT,A,V55A,F,-0.73,-1.37,-0.28,-1.26,-1.53,-0.04,-1.12,-1.63,-1.07,0.35
1DKT,A,A55V,R,0.73,0.96,0.76,0.36,-0.98,-0.12,0.82,1.64,-1.04,0.34
1DKT,A,M58L,F,-0.23,-0.29,-0.01,-1.01,-1.53,0.24,-0.58,-0.12,-0.55,-0.07
1DKT,A,L58M,R,0.23,-0.13,0.34,-0.73,-0.41,-0.08,-0.58,0.13,-0.58,-0.08
1DKT,A,R71A,F,-0.59,-2.14,0.67,-1.61,-1.53,1.01,-1.94,-1.36,-1.11,0.03
1DKT,A,A71R,R,0.59,0.41,-0.12,-0.93,-1.53,-0.61,-0.63,0.97,-1.02,0.04
1E+065,A,I7S,F,-3.44,-3.65,0.54,-3.66,-0.81,0.67,-3.85,-4.99,-1.55,0.43
1E+065,A,I20T,F,-2.39,-1.81,-1.51,-2.31,-0.81,0.17,-2.49,-4.34,-1.66,0.34
1E+065,A,V31T,F,-1.08,-2.18,-1.66,-2.28,-0.81,0.26,-2.42,-3.54,-1.59,0.23
1E+065,A,T31V,R,1.08,0.69,0.55,-0.69,-2.13,-0.12,-0.52,2.95,-1.59,0.23
1E+065,A,L50V,F,-0.36,-0.08,0.69,-0.93,-0.81,0.21,-0.83,-0.39,-1.40,0.09
1E+065,A,V50L,R,0.36,1.16,-0.01,0.10,-0.93,-0.30,0.29,-0.79,-1.47,0.08
1E+065,A,V60G,F,-3.11,-3.28,-1.13,-2.05,-0.81,0.60,-2.44,-5.02,-2.76,0.32
1E+065,A,A82G,F,-3.11,-1.78,-0.61,-1.08,-0.81,0.44,-1.19,-1.87,-3.03,0.22
1E+065,A,V95T,F,0.96,-1.53,-0.66,-1.79,-0.81,-0.05,-1.75,-2.02,-1.64,0.13
1E+065,A,T95V,R,-0.96,0.64,0.40,-0.73,-2.07,-0.06,-0.56,2.02,-1.63,0.15
1E+065,A,H117G,F,-2.18,-0.84,-0.36,-1.47,-0.81,0.91,-1.91,-3.72,-1.03,0.04
1EY0,A,L7V,F,-1.15,-0.11,-0.06,-0.72,-0.47,0.71,-0.77,-1.34,-0.87,-0.04
1EY0,A,V7L,R,1.15,0.65,0.12,-0.35,-1.67,-0.74,-0.16,1.34,-0.85,-0.04
1EY0,A,K9F,F,-1.03,-0.36,0.21,-0.03,-0.47,-0.07,-0.09,2.51,0.34,-0.00
1EY0,A,F9K,R,1.03,0.77,-0.99,-1.14,0.53,0.32,-1.12,-2.50,0.28,-0.01
1EY0,A,T13C,F,-1.20,-0.33,-0.50,-0.40,-0.47,0.01,-0.20,0.11,-0.43,-0.20
1EY0,A,C13T,R,1.20,0.04,0.92,-0.65,-0.93,0.10,-0.15,-0.11,-0.43,-0.19
1EY0,A,L14V,F,-1.63,-0.63,0.94,-1.24,-0.47,0.39,-1.18,0.06,-1.21,0.11
1EY0,A,V14L,R,1.63,0.53,0.21,-0.56,-0.90,-0.40,-0.42,-0.06,-1.28,0.11
1EY0,A,I15M,F,-0.15,-0.53,0.49,-0.53,-0.47,0.19,-0.56,-0.71,-0.32,0.02
1EY0,A,M15I,R,0.15,0.61,-0.05,-0.64,-0.72,-0.33,-0.19,0.72,-0.34,0.01
1EY0,A,D19F,F,-1.28,-0.46,0.09,-0.21,-0.47,-0.41,-0.47,1.95,-0.16,-0.05
1EY0,A,F19D,R,1.28,-0.13,-1.00,-1.64,-0.96,0.46,-1.74,-1.94,-0.14,-0.02
1EY0,A,D21K,F,1.10,-0.21,-0.46,-0.45,-0.47,-0.11,-0.64,-3.73,-0.83,-0.09
1EY0,A,K21D,R,-1.10,-0.28,0.42,-1.31,-1.24,0.08,-1.17,2.67,-0.89,-0.08
1EY0,A,T22I,F,-0.61,-0.25,0.39,-0.03,-0.47,0.00,0.21,3.61,-0.51,-0.14
1EY0,A,I22T,R,0.61,0.50,-0.58,-2.22,0.12,-0.07,-2.32,-3.61,-0.61,-0.14
1EY0,A,V23I,F,0.03,-0.14,-0.01,-0.82,-0.47,-0.03,-0.71,-0.26,-0.27,-0.06
1EY0,A,I23V,R,-0.03,0.16,-0.25,-1.77,-0.85,0.16,-1.78,-0.83,-0.37,-0.06
1EY0,A,V23L,F,-0.02,-0.33,-0.37,-0.82,-0.47,-0.27,-0.71,-0.79,-0.65,-0.04
1EY0,A,L23V,R,0.02,0.08,-0.25,-1.63,-0.88,0.41,-1.62,-0.39,-0.89,-0.05
1EY0,A,K24F,F,-0.40,-0.68,0.65,-0.26,-0.47,-0.38,-0.29,2.51,0.41,-0.35
1EY0,A,F24K,R,0.40,0.27,-1.26,-1.66,0.12,0.30,-1.69,-2.50,0.37,-0.35
1EY0,A,Y27C,F,-2.72,-1.84,0.26,-2.02,-0.47,0.69,-1.93,2.87,-1.07,-0.00
1EY0,A,G29V,F,-3.11,-0.93,0.50,-0.36,-0.47,0.16,-0.19,-0.72,-0.55,0.19
1EY0,A,T33C,F,-1.04,-0.51,0.63,-0.78,-0.47,0.06,-0.62,2.72,-1.28,-0.12
1EY0,A,C33T,R,1.04,-0.21,-1.15,-1.30,-1.06,0.19,-1.19,-2.72,-1.30,-0.13
1EY0,A,L36V,F,-3.58,-1.97,-1.09,-2.00,-0.47,0.02,-2.04,-0.39,-1.72,0.12
1EY0,A,L37I,F,-1.82,-0.18,0.01,-0.92,-0.47,0.15,-1.04,-1.14,-1.08,0.03
1EY0,A,I37L,R,1.82,0.37,0.53,-0.89,-1.07,0.06,-0.86,1.15,-1.14,0.04
1EY0,A,V39I,F,0.11,-0.04,-0.23,-1.04,-0.47,-0.08,-0.96,-0.26,-0.61,-0.04
1EY0,A,I39V,R,-0.11,0.30,0.05,-1.92,-0.61,0.09,-1.95,-0.83,-0.75,-0.03
1EY0,A,V39L,F,-0.90,-0.45,-0.60,-1.04,-0.47,-0.40,-0.96,-0.79,-1.08,-0.10
1EY0,A,L39V,R,0.90,0.34,0.33,-1.85,-1.42,0.57,-1.86,-0.39,-1.26,-0.09
1EY0,A,T41I,F,0.86,-0.46,1.49,-0.18,-0.47,-0.15,-0.03,3.08,-0.01,-0.21
1EY0,A,I41T,R,-0.86,0.03,0.32,-2.46,-0.57,0.68,-2.70,-4.53,-0.01,-0.23
1EY0,A,T44C,F,-0.04,-0.67,1.43,-0.59,-0.47,0.40,-0.58,1.91,-0.44,-0.08
1EY0,A,C44T,R,0.04,0.19,0.39,-0.40,-0.85,0.29,-0.25,-1.91,-0.47,-0.08
1EY0,A,V51L,F,-0.10,-0.14,-0.29,-0.50,-0.47,-0.35,-0.25,0.23,-0.72,0.05
1EY0,A,L51V,R,0.10,-0.09,0.37,-0.68,-0.09,0.38,-0.45,0.36,-0.61,0.06
1EY0,A,Y54F,F,-0.38,-0.36,0.41,-1.00,-0.47,0.38,-1.07,-0.70,-0.33,-0.02
1EY0,A,F54Y,R,0.38,-0.06,-0.54,-0.80,-0.41,-0.10,-0.84,0.06,-0.34,-0.01
1EY0,A,G55V,F,-1.48,-1.21,0.33,-0.53,-0.47,-0.79,-0.22,2.82,-0.40,-0.01
1EY0,A,V55G,R,1.48,-0.53,-0.41,-2.53,-0.11,0.83,-3.01,-5.32,-0.31,-0.01
1EY0,A,K63Q,F,-0.89,-0.83,-0.60,-0.84,-0.47,-0.03,-0.62,0.48,-0.93,-0.05
1EY0,A,Q63K,R,0.89,0.75,1.04,-0.02,-0.59,0.47,0.28,-0.47,-0.78,-0.04
1EY0,A,M65F,F,-1.62,0.03,0.61,-0.76,-0.47,0.37,-0.81,0.03,-0.44,0.12
1EY0,A,F65M,R,1.62,-0.16,-0.30,-0.76,-0.44,-0.13,-0.73,-0.03,-0.34,0.13
1EY0,A,M65I,F,-1.43,-0.36,1.27,-0.88,-0.47,0.65,-0.63,-0.04,-0.47,-0.02
1EY0,A,I65M,R,1.43,0.15,0.38,-0.61,-0.39,-0.17,-0.52,0.05,-0.35,-0.01
1EY0,A,V66I,F,-0.76,-0.02,-0.17,-0.87,-0.47,-0.20,-0.78,-0.10,0.19,-0.12
1EY0,A,I66V,R,0.76,0.12,-0.66,-1.64,0.53,0.29,-1.79,-0.98,0.14,-0.12
1EY0,A,K70E,F,-0.30,-0.32,0.07,-0.30,-0.47,0.23,-0.07,-0.36,-0.47,0.07
1EY0,A,E70K,R,0.30,0.57,0.26,0.40,-1.02,-0.08,0.72,0.36,-0.45,0.08
1EY0,A,I72L,F,-0.23,-0.03,0.10,-1.07,-0.47,0.11,-0.99,-0.59,-0.77,0.03
1EY0,A,L72I,R,0.23,0.17,-0.10,-0.96,-0.49,0.06,-0.87,0.43,-0.75,0.03
1EY0,A,V74L,F,-1.12,-0.68,-0.55,-0.74,-0.47,-0.04,-0.63,-0.79,-0.51,0.01
1EY0,A,L74V,R,1.12,0.73,-0.55,-1.68,-0.44,0.29,-1.68,-0.39,-0.53,0.01
1EY0,A,D77K,F,-3.28,-0.30,-0.87,-0.87,-0.47,-0.58,-1.02,-2.05,-0.85,-0.00
1EY0,A,K78Q,F,-0.15,-0.25,0.33,-0.26,-0.47,0.20,-0.09,0.03,-0.19,-0.03
1EY0,A,Q78K,R,0.15,0.40,0.16,0.01,-0.48,-0.21,0.33,0.38,-0.08,-0.03
1EY0,A,T82C,F,-0.19,-0.66,1.39,-0.40,-0.47,-0.18,-0.27,2.94,-0.66,-0.14
1EY0,A,C82T,R,0.19,0.20,-0.79,-0.13,-0.99,0.20,-0.06,-2.94,-0.64,-0.14
1EY0,A,T82I,F,0.51,-0.42,0.38,-0.27,-0.47,-0.02,-0.12,2.29,-0.71,-0.09
1EY0,A,I82T,R,-0.51,0.43,0.07,-0.96,-0.31,0.04,-0.93,-2.29,-0.70,-0.09
1EY0,A,K84Q,F,-0.15,-0.19,0.17,-0.28,-0.47,-0.06,-0.12,-0.37,-0.08,-0.01
1EY0,A,Q84K,R,0.15,0.10,0.01,-0.13,-0.30,0.02,0.16,0.38,0.08,-0.01
1EY0,A,G86F,F,-1.99,-0.50,-1.23,-1.15,-0.47,-0.09,-1.41,-1.82,-0.37,0.17
1EY0,A,F86G,R,1.99,0.36,0.91,-1.46,-0.13,0.08,-1.41,1.82,-0.37,0.18
1EY0,A,L89I,F,-1.04,0.07,0.96,-1.11,-0.47,0.21,-1.03,0.51,-1.21,-0.09
1EY0,A,I89L,R,1.04,-0.14,-0.14,-1.08,-0.67,-0.10,-1.00,-0.51,-1.25,-0.08
1EY0,A,I92M,F,-1.75,-0.37,-0.39,-0.90,-0.47,0.06,-1.13,-1.00,-1.42,0.10
1EY0,A,M92I,R,1.75,0.35,0.53,-1.24,-1.48,0.04,-1.01,0.08,-1.41,0.09
1EY0,A,G96F,F,-2.55,-0.84,-1.06,-0.97,-0.47,0.13,-1.19,-1.82,-1.08,0.16
1EY0,A,G96V,F,-3.74,-1.29,-1.14,-0.38,-0.47,-0.01,-0.28,-0.99,-1.11,0.17
1EY0,A,V104I,F,0.27,-0.76,-0.04,-1.27,-0.47,-0.35,-1.22,-0.10,0.28,-0.04
1EY0,A,I104V,R,-0.27,0.30,-0.20,-2.25,-0.45,0.35,-2.46,-0.98,0.28,-0.04
1EY0,A,R105C,F,-2.55,-0.86,1.18,-1.15,-0.47,0.64,-1.04,0.16,-0.73,-0.08
1EY0,A,L108V,F,-3.81,-1.70,-1.57,-1.86,-0.47,0.18,-2.29,-1.91,-1.22,-0.03
1EY0,A,V111I,F,-0.74,-0.26,0.17,-0.82,-0.47,-0.14,-0.71,0.17,-0.14,-0.00
1EY0,A,I111V,R,0.74,0.14,0.63,-1.66,-0.41,0.11,-1.65,-0.16,-0.15,-0.00
1EY0,A,V111L,F,-0.88,-0.41,-0.15,-0.82,-0.47,-0.22,-0.71,-0.20,-0.87,0.04
1EY0,A,L111V,R,0.88,0.24,0.42,-1.60,-0.61,0.22,-1.58,0.20,-0.88,0.02
1EY0,A,V114I,F,-0.15,-0.16,-0.04,-0.39,-0.47,-0.07,-0.32,0.01,-0.49,-0.02
1EY0,A,I114V,R,0.15,-0.22,0.43,-0.81,-0.48,0.06,-0.77,-0.01,-0.49,-0.02
1EY0,A,H124E,F,0.46,0.21,0.45,0.23,-0.47,-0.16,0.43,1.23,0.07,-0.26
1EY0,A,E124H,R,-0.46,-0.34,0.03,-0.65,0.37,-0.22,-0.71,-1.23,0.11,-0.24
1EY0,A,L125I,F,-0.96,-0.64,0.15,-1.39,-0.47,0.23,-1.35,-0.37,-0.80,0.07
1EY0,A,I125L,R,0.96,0.11,-0.40,-1.38,-1.05,-0.16,-1.34,0.21,-0.80,0.07
1EY0,A,L137V,F,-1.42,-1.00,0.34,-1.06,-0.47,0.15,-0.88,0.19,-1.12,0.04
1EY0,A,V137L,R,1.42,0.23,0.07,-0.81,-1.08,-0.06,-0.74,-1.04,-1.09,0.04
1EY0,A,I139L,F,-0.09,0.06,0.94,-0.47,-0.47,0.29,-0.24,0.53,-0.16,0.02
1EY0,A,L139I,R,0.09,0.03,-0.09,-0.62,-0.47,-0.28,-0.49,-0.53,-0.17,0.01
1FNA,A,I34V,F,-0.11,-0.57,0.40,-1.52,-1.51,0.22,-1.50,-0.83,-0.75,0.10
1FNA,A,V34I,R,0.11,0.87,0.41,-0.57,-1.11,-0.40,-0.43,0.29,-0.86,0.11
1FNA,A,V50A,F,-2.85,-1.57,0.08,-1.29,-1.51,0.44,-1.41,-2.00,-2.16,0.18
1FTG,A,L6A,F,-3.11,-2.32,-0.15,-2.61,-0.93,0.62,-2.96,-2.49,-2.46,0.26
1FTG,A,D65K,F,-0.10,-0.16,0.56,-0.09,-0.93,-0.54,0.22,1.43,-0.06,0.02
1FTG,A,K65D,R,0.10,0.29,-0.66,-0.53,-1.80,0.54,-0.50,-1.42,-0.02,0.01
1FTG,A,E72K,F,1.41,-0.08,0.11,0.09,-0.93,-0.17,0.40,-0.60,-1.39,-0.01
1FTG,A,K72E,R,-1.41,0.42,0.70,0.38,-2.19,0.14,0.66,0.60,-1.61,0.01
1FTG,A,D75K,F,1.03,0.47,0.39,0.41,-0.93,-0.14,0.79,0.95,-0.41,-0.06
1FTG,A,K75D,R,-1.03,0.07,0.62,0.04,-1.01,0.10,0.26,-0.95,-0.71,-0.06
1FTG,A,A84G,F,-1.90,-1.17,-0.95,-0.99,-0.93,0.24,-1.20,-2.83,-1.22,0.20
1FTG,A,G84A,R,1.90,1.14,0.76,0.29,-1.64,-0.24,0.63,1.32,-1.18,0.18
1FTG,A,N97A,F,-0.58,-0.62,0.99,-0.65,-0.93,0.21,-0.81,1.52,-0.51,-0.14
1FTG,A,A97N,R,0.58,-0.02,-0.99,-1.38,-1.72,-0.13,-1.60,-2.25,-0.60,-0.15
1FTG,A,Q99A,F,1.59,0.31,-0.11,-0.35,-0.93,0.45,-0.50,-0.28,0.12,-0.33
1FTG,A,A99Q,R,-1.59,-1.61,-1.36,-1.53,-1.15,-0.44,-1.69,-2.03,0.22,-0.33
1FTG,A,S110A,F,-0.73,-0.76,1.46,-0.80,-0.93,0.49,-0.59,2.45,-0.64,-0.12
1FTG,A,A110S,R,0.73,-0.19,-0.58,-1.56,-0.80,-0.35,-1.52,-2.44,-0.61,-0.12
1FTG,A,D126K,F,0.81,0.49,0.52,0.43,-0.93,0.07,0.75,-0.07,-0.58,-0.02
1FTG,A,K126D,R,-0.81,0.21,-0.14,-0.08,-1.30,-0.02,0.19,0.07,-0.55,-0.03
1FTG,A,I156V,F,-3.16,-0.62,-1.40,-1.34,-0.93,0.04,-1.44,-0.98,-0.94,0.12
1FTG,A,V160A,F,-2.07,-1.38,-0.78,-1.74,-0.93,0.73,-1.93,-1.53,-1.21,0.01
1G4I,A,F22I,F,1.43,0.90,0.40,0.28,-1.62,0.34,0.15,-1.32,-1.31,-0.04
1G4I,A,I22F,R,-1.43,-1.36,-0.19,-1.50,-1.32,-0.36,-1.79,0.21,-1.18,-0.01
1G4I,A,F22Y,F,0.83,0.39,0.82,0.05,-1.62,-0.02,-0.11,-1.85,-1.26,0.07
1G4I,A,Y22F,R,-0.83,0.10,0.19,-0.12,-1.78,0.01,0.25,1.21,-1.20,0.07
1G4I,A,H48A,F,-1.93,-1.24,0.29,-1.17,-1.62,1.00,-1.44,-2.27,-1.34,-0.16
1G4I,A,A48H,R,1.93,-0.67,-0.36,-1.54,-0.87,-0.81,-1.50,1.07,-1.36,-0.19
1G4I,A,H48Q,F,-0.49,-0.34,-0.26,-0.92,-1.62,0.58,-1.05,-1.51,-1.38,0.03
1G4I,A,Q48H,R,0.49,0.03,0.01,-1.01,-0.87,-0.38,-0.71,1.21,-1.38,0.03
1G4I,A,F106A,F,-1.23,-2.28,0.61,-2.25,-1.62,1.25,-2.50,-2.60,-3.07,0.08
1G4I,A,A106F,R,1.23,0.81,-0.11,-0.93,-1.62,-1.21,-1.10,1.26,-2.85,0.07
1H7M,A,D2A,F,-0.53,-0.43,0.02,-0.31,,-0.02,-0.22,-0.01,-0.21,0.11
1H7M,A,A2D,R,0.53,-0.20,0.12,-0.21,,0.02,0.07,0.01,-0.07,0.10
1H7M,A,K9A,F,-0.29,-0.09,1.44,-0.49,,0.55,-0.33,0.96,-0.19,-0.04
1H7M,A,A9K,R,0.29,-0.40,-0.54,-1.44,,-0.58,-1.28,-0.95,-0.15,-0.05
1H7M,A,K33A,F,0.12,0.12,0.42,-0.49,,0.37,-0.42,0.02,-0.59,-0.13
1H7M,A,A33K,R,-0.12,0.65,0.13,-1.36,,-0.18,-1.21,0.07,-0.66,-0.13
1H7M,A,K46A,F,-1.10,-0.43,1.10,-0.78,,0.54,-0.70,0.96,-1.01,-0.25
1H7M,A,A46K,R,1.10,-1.22,-0.82,-1.51,,-0.74,-1.32,-0.95,-0.86,-0.26
1H7M,A,E47A,F,-0.05,-0.25,0.96,-0.46,,0.10,-0.20,0.40,-0.72,0.08
1H7M,A,A47E,R,0.05,0.40,0.21,-1.30,,-0.03,-0.95,-0.40,-0.66,0.08
1H7M,A,R54A,F,-0.26,-0.37,0.47,-0.38,,0.31,-0.19,0.68,-0.70,0.05
1H7M,A,A54R,R,0.26,0.31,0.01,-0.39,,-0.00,-0.14,-0.67,-0.60,0.06
1H7M,A,E64A,F,-0.26,-0.26,0.13,-0.37,,0.01,-0.15,0.40,0.19,0.05
1H7M,A,A64E,R,0.26,0.44,0.17,-0.31,,-0.14,0.06,-0.39,0.12,0.08
1H7M,A,D87A,F,-1.36,-0.66,1.87,-0.41,,0.15,-0.12,2.02,-0.49,-0.06
1H7M,A,A87D,R,1.36,-0.16,0.53,-0.58,,0.04,-0.34,-2.01,-0.41,-0.04
1HFZ,A,H32Y,F,0.07,1.12,0.53,0.67,-0.39,-0.12,0.70,0.60,0.88,-0.19
1HFZ,A,Y32H,R,-0.07,-0.05,0.65,-0.86,-0.27,0.40,-0.72,0.11,0.85,-0.20
1HFZ,A,I59W,F,-0.93,-2.11,-0.42,-1.57,-0.39,-0.01,-1.44,1.34,-1.59,0.10
1HFZ,A,W59I,R,0.93,-0.41,-0.15,-1.38,-1.61,-0.04,-1.26,-1.34,-1.59,0.10
1HFZ,A,H107W,F,-1.72,0.23,1.33,0.07,-0.39,-0.51,0.07,2.98,0.41,-0.07
1HFZ,A,W107H,R,1.72,-0.34,-1.08,-1.92,-0.78,0.45,-2.05,-2.98,0.39,-0.06
1HFZ,A,H107Y,F,-0.19,0.55,0.51,0.26,-0.39,-0.33,0.19,-0.78,0.60,-0.01
1HFZ,A,Y107H,R,0.19,0.05,0.47,-1.44,-0.62,0.28,-1.29,0.79,0.56,-0.00
1HFZ,A,L110E,F,-0.19,-0.20,1.03,-0.85,-0.39,0.08,-0.61,0.50,-0.84,0.00
1HFZ,A,E110L,R,0.19,0.47,0.52,0.23,-1.52,-0.09,0.35,1.21,-0.79,0.01
1HFZ,A,K114E,F,-0.65,-0.21,0.04,-0.18,-0.39,-0.00,0.09,-0.57,-0.05,-0.04
1HFZ,A,E114K,R,0.65,0.29,0.37,0.34,-0.39,-0.00,0.70,0.58,-0.02,-0.04
1HME,A,G35H,F,-0.33,-0.30,1.11,-0.69,-1.94,-0.29,-0.37,3.03,-2.15,0.12
1HME,A,H35G,R,0.33,-0.01,0.24,-0.02,-1.94,0.29,-0.08,-3.02,-2.15,0.12
1HMK,A,V8A,F,-0.83,-1.84,-0.78,-2.11,-2.26,0.55,-2.34,-1.53,-1.32,0.16
1HMK,A,A8V,R,0.83,1.45,0.27,0.17,-1.38,-0.55,0.34,-0.18,-1.32,0.14
1HMK,A,L12A,F,-2.73,-2.47,-0.30,-2.70,-2.26,0.79,-3.18,-2.77,-2.23,0.39
1HMK,A,V27A,F,-1.24,-2.86,-0.90,-2.31,-2.26,0.72,-2.56,-1.53,-1.54,0.14
1HMK,A,A27V,R,1.24,1.37,0.60,0.10,-0.89,-0.47,0.27,-0.18,-1.54,0.09
1HMK,A,T29V,F,2.26,0.65,2.04,0.35,-2.26,-0.13,0.91,2.45,0.14,-0.33
1HMK,A,I55V,F,-2.72,-0.75,-0.56,-1.79,-2.26,0.13,-1.80,-0.83,-1.56,0.15
1HMK,A,W60A,F,-2.01,-2.94,-0.10,-3.14,-2.26,1.88,-2.95,-1.25,-2.42,0.02
1HMK,A,I89V,F,-0.86,-0.85,0.23,-1.54,-2.26,0.28,-1.52,-0.44,-0.96,0.09
1HMK,A,V89I,R,0.86,0.85,0.53,-0.59,-0.63,-0.28,-0.47,0.45,-0.96,0.09
1HMK,A,I95V,F,-1.72,-0.74,-0.27,-1.20,-2.26,0.33,-1.30,-0.98,-1.17,0.12
1HMK,A,V95I,R,1.72,0.90,0.30,0.12,-0.46,-0.42,0.29,-0.10,-1.14,0.11
1HMK,A,L96A,F,-1.75,-1.71,-0.19,-2.23,-2.26,1.14,-2.42,-1.19,-2.15,0.24
1HMK,A,A96L,R,1.75,1.06,0.45,0.63,-2.88,-1.05,0.83,1.19,-2.14,0.23
1HMK,A,Y103F,F,-2.13,-0.55,-0.01,-0.92,-2.26,-0.05,-0.72,0.72,-0.47,-0.01
1HMK,A,L110A,F,-0.35,-1.26,0.42,-0.79,-2.26,0.39,-0.90,-1.49,-1.14,0.07
1HMK,A,A110L,R,0.35,0.64,0.18,-0.19,-2.26,-0.30,-0.09,1.50,-1.20,0.09
1HMS,A,F4S,F,-3.67,-3.15,0.11,-3.31,-0.83,1.83,-3.47,-5.57,-1.66,0.37
1HMS,A,F16S,F,-3.98,-2.47,-0.75,-2.60,-0.83,0.91,-2.78,-5.18,-2.91,0.22
1HMS,A,T40E,F,-2.40,-0.54,-1.97,-1.82,-0.83,-0.20,-2.08,-1.70,-0.59,0.21
1HMS,A,F57S,F,-2.43,-0.31,0.06,-0.77,-0.83,0.57,-0.73,-1.34,-1.61,-0.11
1HMS,A,L66G,F,-3.67,-2.49,0.19,-1.75,-0.83,1.50,-2.06,-2.54,-2.95,0.38
1HMS,A,R106T,F,-2.84,-1.96,-0.04,-2.32,-0.83,0.66,-2.54,-1.17,-0.52,-0.09
1IET,A,D60R,F,0.14,0.32,0.44,0.54,-1.17,-0.04,0.65,-0.03,0.61,-0.09
1IET,A,R60D,R,-0.14,-0.18,0.37,-0.16,-1.17,0.01,-0.02,0.03,0.65,-0.10
1IFC,A,W6Y,F,-0.87,-1.82,-1.17,-1.87,-2.04,0.32,-2.18,-2.55,-1.08,-0.09
1IFC,A,Y6W,R,0.87,1.07,1.04,-0.50,-1.35,-0.29,-0.49,1.19,-1.18,-0.09
1IFC,A,V60C,F,-0.07,-0.24,0.41,-0.82,-2.04,0.13,-0.85,-1.36,-2.11,0.06
1IFC,A,C60V,R,0.07,-0.24,0.25,-1.37,-1.13,-0.09,-1.24,1.37,-2.01,0.08
1IFC,A,V60N,F,-0.83,-1.02,-0.81,-1.25,-2.04,0.02,-1.23,-3.49,-2.54,0.29
1IFC,A,N60V,R,0.83,0.45,1.21,-0.30,-1.32,0.02,-0.10,3.49,-2.39,0.27
1IFC,A,L64G,F,-2.26,-3.03,-0.09,-2.34,-2.04,1.44,-2.64,-2.54,-1.81,0.15
1IFC,A,G65A,F,-0.94,-1.19,-0.21,-0.56,-2.04,-0.14,-0.47,-0.17,0.23,0.12
1IFC,A,A65G,R,0.94,0.50,0.36,-0.77,-1.13,0.13,-0.67,0.17,0.18,0.13
1IFC,A,F68A,F,-0.42,-1.77,-0.41,-1.54,-2.04,0.46,-1.66,-1.96,-2.03,0.13
1IFC,A,A68F,R,0.42,0.84,1.02,-0.93,-1.75,-0.22,-0.74,1.86,-2.04,0.13
1IFC,A,F93A,F,-2.37,-2.95,0.70,-2.72,-2.04,1.11,-3.10,-3.65,-2.72,0.04
1IGV,A,Y13F,F,-1.08,-0.05,0.86,-1.02,-1.21,-0.12,-0.73,2.11,-0.61,-0.03
1IGV,A,F13Y,R,1.08,0.37,-0.02,-0.76,-0.04,0.10,-0.84,-2.11,-0.54,-0.02
1IGV,A,F66W,F,-0.93,-0.25,-0.11,-0.42,-1.21,-0.01,-0.43,-0.03,-0.96,0.14
1IGV,A,W66F,R,0.93,-0.23,-0.61,-1.39,-1.06,0.00,-1.55,-1.69,-0.96,0.13
1IGV,A,V70L,F,-0.13,0.31,0.72,0.22,-1.21,-0.46,0.41,0.79,-1.07,-0.35
1IGV,A,L70V,R,0.13,0.55,-0.46,-0.61,-1.21,0.45,-0.50,-0.79,-1.10,-0.34
1IHB,A,F37H,F,-0.66,0.47,0.20,0.31,-1.46,0.01,0.39,-0.88,-0.85,0.05
1IHB,A,H37F,R,0.66,0.06,0.44,0.64,-1.70,0.01,0.71,0.89,-0.59,0.02
1IHB,A,F82Q,F,-0.37,0.18,-0.05,-0.22,-1.46,0.44,-0.21,-1.98,-1.62,0.14
1IHB,A,Q82F,R,0.37,0.74,0.53,-0.40,-1.46,-0.49,-0.58,1.98,-1.42,0.12
1IMQ,A,V19L,F,-1.82,-0.10,-0.27,-1.05,-0.33,-0.28,-0.97,0.20,-0.64,-0.20
1IMQ,A,L19V,R,1.82,0.23,-1.27,-1.79,-0.78,0.24,-1.99,-1.38,-0.66,-0.23
1IMQ,A,E31L,F,-0.67,0.22,0.24,0.10,-0.33,-0.01,0.37,-1.15,0.47,0.14
1IMQ,A,L31E,R,0.67,-0.15,0.44,-0.09,0.05,0.01,0.41,1.16,0.29,0.14
1IMQ,A,E41V,F,0.89,-0.10,0.44,-0.09,-0.33,0.21,0.12,0.76,0.41,0.05
1IMQ,A,V41E,R,-0.89,-0.48,-0.31,-2.31,-0.33,0.05,-2.13,-0.75,0.47,0.04
1IRO,A,V24I,F,0.36,-0.22,0.14,-0.72,-0.76,-0.51,-0.73,0.20,-0.69,-0.02
1IRO,A,I24V,R,-0.36,0.04,0.62,-1.45,-0.42,0.58,-1.69,-1.28,-0.69,-0.01
1IRO,A,I33L,F,0.76,0.24,1.25,-0.60,-0.76,-0.23,-0.40,1.07,-0.94,-0.17
1IRO,A,L33I,R,-0.76,0.49,0.93,-0.57,-0.76,0.10,-0.69,-1.22,-0.73,-0.15
1JIW,I,D10A,F,-0.70,-0.25,0.64,-0.21,0.15,0.04,0.15,3.02,-0.57,0.10
1JIW,I,A10D,R,0.70,0.14,0.08,0.07,-1.57,-0.01,0.23,-3.01,-0.54,0.12
1JIW,I,W15F,F,-2.30,-1.27,0.17,-2.16,0.15,0.52,-2.44,-1.23,-0.82,0.03
1K9Q,A,L30Y,F,0.27,-0.23,-0.10,-1.31,-1.91,-23.85,-1.66,-1.24,-0.47,0.23
1K9Q,A,Y30L,R,-0.27,-0.88,-0.61,-1.60,-1.91,0.43,-1.61,-0.62,-0.46,0.21
1KFW,A,N197K,F,0.81,0.18,-0.04,0.13,-0.80,-0.44,0.50,0.79,0.04,0.01
1KFW,A,K197N,R,-0.81,0.56,0.47,0.28,-0.47,0.48,0.43,-0.79,0.11,-0.00
1KFW,A,G405Q,F,0.62,-0.16,-0.12,-0.79,-0.80,-0.07,-0.58,-0.77,-1.30,-0.02
1KFW,A,Q405G,R,-0.62,0.02,1.25,-0.58,-0.80,0.07,-0.46,0.77,-1.29,-0.02
1LNI,A,T16V,F,0.30,-0.13,0.78,-0.45,-1.44,-0.09,-0.18,2.13,-0.48,-0.24
1LNI,A,V16T,R,-0.30,0.24,-0.85,-1.07,-0.54,-0.15,-0.94,-2.13,-0.48,-0.25
1LNI,A,Y30F,F,0.40,-0.08,0.72,-0.57,-1.44,0.26,-0.51,0.68,-0.71,0.01
1LNI,A,F30Y,R,-0.40,0.03,0.18,-0.40,-0.42,-0.24,-0.37,-0.68,-0.71,0.01
1LNI,A,V43T,F,-0.50,-1.75,-0.29,-1.67,-1.44,-0.13,-1.55,0.54,-1.38,0.01
1LNI,A,T43V,R,0.50,0.75,1.37,-0.68,-1.54,0.15,-0.74,0.86,-1.39,0.02
1LNI,A,Y55F,F,-0.60,-0.72,0.65,-1.02,-1.44,0.07,-0.92,1.33,-1.16,-0.08
1LNI,A,F55Y,R,0.60,0.51,0.34,-0.64,-0.42,-0.01,-0.63,-1.32,-1.14,-0.08
1LNI,A,T56V,F,-1.90,-0.71,0.23,-0.84,-1.44,-0.07,-0.68,2.95,-1.33,-0.27
1LNI,A,V56T,R,1.90,0.52,-0.40,-2.58,-0.39,0.07,-2.72,-3.54,-1.39,-0.28
1LNI,A,D79F,F,2.73,0.94,0.45,0.20,-1.44,-0.84,0.18,2.41,1.78,-0.69
1LNI,A,D79I,F,2.85,1.13,1.25,0.96,-1.44,-0.59,1.23,4.29,2.33,-0.89
1LNI,A,D79K,F,2.35,0.08,0.15,-0.33,-1.44,-0.47,-0.31,-2.06,0.68,-0.21
1LNI,A,D79L,F,2.65,1.18,1.20,0.96,-1.44,-0.55,1.21,2.61,2.10,-0.86
1LNI,A,D79N,F,1.46,-0.72,0.31,-0.87,-1.44,0.11,-0.75,-0.22,0.20,-0.17
1LNI,A,N79D,R,-1.46,0.03,-0.31,-1.23,-0.87,-0.10,-1.21,0.12,0.14,-0.16
1LNI,A,D79Y,F,2.90,0.88,0.42,0.45,-1.44,-0.83,0.22,0.32,1.68,-0.60
1LNI,A,Y80F,F,-1.50,-1.06,0.25,-1.12,-1.44,-0.08,-0.66,1.01,-0.74,-0.08
1LNI,A,F80Y,R,1.50,0.14,0.59,-1.06,-0.97,0.08,-1.15,-1.65,-0.81,-0.07
1LNI,A,H85Q,F,0.00,0.02,-0.21,0.07,-1.44,-0.39,0.08,0.19,-0.36,-0.18
1LNI,A,Q85H,R,0.00,-0.26,0.18,-0.92,-0.53,-0.12,-0.98,0.88,-0.31,-0.20
1LNI,A,Q94K,F,0.56,0.10,-0.07,-0.16,-1.44,-0.39,-0.16,-0.19,0.24,0.07
1LNI,A,K94Q,R,-0.56,-0.24,0.96,-0.17,-1.44,0.64,-0.25,0.03,0.03,0.06
1LZ1,A,G48A,F,0.45,-0.66,0.40,-0.24,-0.44,0.07,0.12,2.55,-0.81,0.09
1LZ1,A,A48G,R,-0.45,0.68,-0.20,-0.25,-1.72,-0.00,-0.17,-2.54,-0.85,0.09
1LZ1,A,G105A,F,-0.62,-0.56,0.20,-0.62,-0.44,-0.08,-0.29,3.55,-1.47,-0.08
1LZ1,A,A105G,R,0.62,-0.01,-0.38,-1.30,-0.44,0.05,-1.50,-3.54,-1.47,-0.10
1MGR,A,Y54F,F,-2.60,-1.23,-0.87,-0.94,-0.88,0.03,-1.04,1.53,-0.30,0.05
1MGR,A,Y84F,F,-1.00,-0.82,-0.60,-1.25,-0.88,-0.02,-1.22,1.01,-1.18,-0.02
1MGR,A,F84Y,R,1.00,0.45,-0.31,-0.86,-0.88,-0.47,-0.92,-1.65,-1.20,-0.01
1MJC,A,F20L,F,-0.31,-0.23,0.43,-0.39,-0.86,0.47,-0.43,-0.18,-0.77,-0.18
1MJC,A,L20F,R,0.31,0.17,-0.53,-1.35,-0.11,-0.46,-1.46,0.19,-0.82,-0.17
1MJC,A,F20S,F,-1.16,-2.14,-0.17,-2.28,-0.86,0.96,-2.41,-2.75,-1.07,0.46
1MJC,A,S20F,R,1.16,1.01,0.08,-0.71,-1.16,-0.95,-0.69,2.76,-1.15,0.46
1MJC,A,F31S,F,-1.03,-2.41,-0.38,-2.37,-0.86,0.62,-2.47,-2.74,-0.98,0.44
1MJC,A,S31F,R,1.03,0.98,0.64,-0.67,-1.33,-1.40,-0.55,2.74,-0.83,0.43
1MJC,A,S52W,F,-0.20,-1.04,0.12,-1.01,-0.86,-1.47,-1.12,0.74,0.13,-0.22
1MJC,A,W52S,R,0.20,0.33,-0.20,-2.24,-0.86,1.47,-1.98,-0.73,0.12,-0.22
1MSI,A,E25A,F,-0.09,-0.43,0.59,-0.57,-0.98,-0.01,-0.35,0.29,-0.65,-0.39
1MSI,A,A25E,R,0.09,0.27,0.44,-0.67,-0.91,0.01,-0.28,-0.29,-0.54,-0.38
1MSI,A,R47A,F,-0.74,-0.46,0.10,-0.23,-0.98,0.49,-0.38,-1.04,-0.59,-0.10
1MSI,A,A47R,R,0.74,0.58,0.36,-0.82,-1.73,-0.01,-0.57,0.89,-0.25,-0.09
1MSI,A,D58N,F,-0.20,-0.73,0.11,-0.12,-0.98,0.13,0.14,-0.42,-0.69,0.03
1MSI,A,N58D,R,0.20,0.40,0.17,0.09,-0.98,-0.12,0.46,0.43,-0.50,0.03
1OIA,A,Y78F,F,0.00,-0.23,-0.19,-0.71,-1.14,0.19,-0.77,-0.06,-0.71,-0.07
1OIA,A,F78Y,R,0.00,0.11,-0.17,-0.50,-0.81,-0.18,-0.57,0.06,-0.53,-0.07
1OIA,A,Y86T,F,-2.90,-3.00,0.48,-2.66,-1.14,1.32,-2.88,-3.31,-1.53,0.15
1P2P,A,H48K,F,-2.12,-0.54,-0.39,-1.14,-1.17,0.24,-1.28,-3.91,-1.42,0.02
1QLP,A,A31L,F,0.90,0.03,0.48,-0.14,-0.77,-0.94,0.03,1.19,-0.43,-0.09
1QLP,A,L31A,R,-0.90,-0.59,-0.30,-2.71,-0.44,0.94,-3.04,-2.34,-0.43,-0.09
1QLP,A,V55I,F,-0.20,-0.55,0.54,-0.26,-0.77,-0.29,-0.11,-0.10,-0.45,-0.05
1QLP,A,I55V,R,0.20,-0.26,1.21,-1.13,0.09,0.29,-1.21,-0.98,-0.41,-0.05
1QLP,A,A70G,F,1.60,-0.85,-0.90,-0.53,-0.77,0.07,-0.46,-3.88,-1.10,-0.04
1QLP,A,G70A,R,-1.60,0.75,0.03,-0.43,-1.46,-0.07,0.16,3.88,-1.10,-0.05
1QLP,A,Y160W,F,1.18,-0.20,1.08,-0.37,-0.77,-0.16,-0.11,2.24,-0.72,-0.05
1QLP,A,W160Y,R,-1.18,-0.46,-0.45,-1.19,-1.21,0.13,-1.22,-2.23,-0.56,-0.05
1QLP,A,A183I,F,1.80,1.21,0.64,1.28,-0.77,-0.50,1.59,1.00,-0.82,-0.14
1QLP,A,I183A,R,-1.80,-0.58,-0.21,-2.28,-0.47,0.51,-2.65,-3.25,-0.83,-0.14
1QLP,A,A183V,F,3.80,1.00,1.23,0.79,-0.77,-0.00,1.12,1.02,-0.35,-0.10
1QLP,A,W238F,F,0.98,-1.50,-0.31,-2.04,-0.77,0.46,-2.21,-1.17,-1.24,-0.05
1QLP,A,F238W,R,-0.98,1.09,0.30,-0.59,-0.97,-0.39,-0.38,1.18,-1.29,-0.05
1QLP,A,A248F,F,1.80,-0.86,0.01,-0.89,-0.77,-0.86,-0.73,0.59,-0.06,-0.11
1QLP,A,F248A,R,-1.80,-0.30,0.76,-2.50,-0.25,0.85,-2.88,-3.27,-0.05,-0.10
1QLP,A,A248I,F,2.20,-0.08,-0.11,-0.05,-0.77,-0.65,0.40,1.00,0.26,-0.16
1QLP,A,A248L,F,0.35,-0.25,-0.08,-0.05,-0.77,-0.54,0.13,0.19,0.18,-0.18
1QLP,A,L248A,R,-0.35,-0.18,0.34,-2.90,0.10,0.54,-3.26,-2.49,0.17,-0.18
1QLP,A,A248V,F,2.30,-0.85,0.62,-0.41,-0.77,-0.45,0.02,1.02,0.33,-0.14
1QLP,A,A284I,F,0.00,0.40,0.08,0.34,-0.77,-0.35,0.69,1.00,-0.67,-0.12
1QLP,A,I284A,R,0.00,-0.06,-1.06,-2.68,-0.51,0.34,-3.08,-3.25,-0.67,-0.13
1QLP,A,A284V,F,0.80,-0.39,0.55,-0.04,-0.77,-0.21,0.29,1.02,-0.46,-0.13
1QLP,A,V284A,R,-0.80,0.40,-1.14,-2.18,-0.71,0.21,-2.51,-2.73,-0.46,-0.13
1QLP,A,V321I,F,0.60,-0.35,0.46,0.25,-0.77,-0.45,0.26,0.39,-0.68,-0.01
1QLP,A,I321V,R,-0.60,-0.28,1.09,-0.66,-0.50,0.35,-0.92,-1.48,-0.69,-0.02
1QLP,A,S330R,F,-2.44,-0.52,0.21,-0.76,-0.77,-0.89,-0.80,-1.36,-0.65,-0.00
1QLP,A,K331F,F,1.75,-0.48,0.50,-0.22,-0.77,-0.55,-0.51,1.15,-0.09,-0.22
1QLP,A,F331K,R,-1.75,0.20,-1.06,-1.39,-0.03,0.30,-1.44,-2.50,0.01,-0.21
1QLP,A,V364L,F,-0.30,-0.56,0.31,-0.32,-0.77,-0.13,-0.17,-0.79,-0.87,-0.00
1QLP,A,L364V,R,0.30,0.41,0.93,-1.16,-0.75,0.14,-1.09,-0.39,-0.85,-0.00
1QLP,A,M374I,F,2.30,1.38,0.82,0.79,-0.77,0.07,1.13,0.08,-1.11,-0.08
1QLP,A,S381A,F,1.00,-0.38,0.10,-0.91,-0.77,-0.04,-0.86,1.93,-0.59,-0.12
1QLP,A,A381S,R,-1.00,-0.33,-0.55,-2.20,-0.77,-0.11,-2.35,-2.39,-0.62,-0.11
1RG8,A,C16S,F,-2.81,-1.67,-1.59,-1.48,-0.42,0.03,-1.54,-3.38,-0.80,0.27
1RG8,A,L44F,F,0.59,-1.88,0.00,-1.71,-0.42,-0.59,-1.80,-0.47,-0.88,0.15
1RG8,A,F44L,R,-0.59,0.04,0.69,-1.74,-1.01,0.60,-1.87,-0.55,-0.99,0.17
1RG8,A,N106G,F,0.16,-1.05,-0.19,-1.35,-0.42,0.52,-1.37,-0.72,-0.91,-0.02
1RG8,A,G106N,R,-0.16,0.10,-0.18,-0.55,-1.84,-0.49,-0.33,0.73,-0.86,-0.02
1RG8,A,V109I,F,-0.05,-0.49,0.49,-0.19,-0.42,-0.24,-0.11,-0.71,-0.23,-0.09
1RG8,A,I109V,R,0.05,-0.38,0.48,-0.98,-0.42,0.22,-0.96,-0.38,-0.12,-0.07
1RIS,A,I8A,F,-3.56,-3.32,0.28,-2.72,-1.88,0.56,-3.12,-3.25,-3.43,0.49
1RIS,A,L21A,F,-0.16,-1.51,1.51,-1.12,-1.88,0.20,-0.81,1.13,-2.31,0.06
1RIS,A,A21L,R,0.16,0.90,0.15,-0.54,-2.32,-0.19,-0.33,-1.12,-2.14,0.06
1RIS,A,Y33A,F,0.41,-2.39,0.21,-2.51,-1.88,1.33,-2.55,0.50,-1.90,0.09
1RIS,A,A33Y,R,-0.41,0.92,-0.01,-1.14,-1.79,-1.89,-1.38,1.48,-1.94,0.09
1RIS,A,L48A,F,-0.21,-2.01,-0.06,-1.95,-1.88,0.83,-2.27,-3.26,-2.93,0.09
1RIS,A,A48L,R,0.21,0.52,0.37,-0.27,-2.30,-0.83,0.09,2.12,-2.93,0.08
1RIS,A,F60A,F,-0.81,-3.30,-0.16,-2.65,-1.88,0.84,-2.97,-2.31,-3.34,0.16
1RIS,A,A60F,R,0.81,1.10,0.39,-0.61,-1.42,-1.01,-0.50,2.31,-3.49,0.18
1RIS,A,L75A,F,-1.35,-2.21,-0.24,-2.32,-1.88,1.27,-2.61,-2.34,-2.93,0.28
1RIS,A,A75L,R,1.35,0.95,0.45,-0.24,-2.28,-1.26,-0.04,1.19,-2.93,0.29
1RIS,A,L79A,F,-3.91,-2.36,0.41,-2.48,-1.88,1.17,-2.80,-2.60,-3.05,0.49
1RN1,C,V16T,F,-3.65,-2.29,-1.74,-2.37,-1.98,0.21,-2.51,-3.05,-1.78,0.40
1RN1,C,G23A,F,-1.20,0.10,2.11,-0.29,-1.98,-0.20,0.04,2.72,-1.11,-0.34
1RN1,C,A23G,R,1.20,-0.26,-1.32,-1.50,-1.09,0.20,-1.85,-4.24,-1.17,-0.30
1RN1,C,D49A,F,0.50,-0.18,0.36,-0.04,-1.98,-0.02,0.22,0.47,0.18,-0.00
1RN1,C,A49D,R,-0.50,0.11,0.13,-0.07,-1.19,0.04,0.31,-0.47,0.16,0.02
1RN1,C,V78S,F,-4.73,-4.10,0.32,-3.37,-1.98,0.74,-3.56,-4.45,-1.90,0.78
1RN1,C,V78T,F,-3.59,-3.92,0.31,-2.99,-1.98,0.57,-3.15,-3.54,-1.63,0.52
1RTB,A,A5S,F,-0.27,-0.88,-0.87,-1.45,-1.92,-0.14,-1.40,-2.44,-0.77,0.18
1RTB,A,S5A,R,0.27,0.27,1.21,-0.73,-0.97,0.13,-0.52,2.45,-0.80,0.21
1RTB,A,F46V,F,-4.55,-3.25,-0.00,-3.24,-1.92,0.95,-3.42,-0.75,-3.20,-0.07
1RTB,A,V57A,F,-2.85,-2.98,-1.10,-2.35,-1.92,0.33,-2.58,-1.53,-1.73,0.10
1RTB,A,V57L,F,-2.37,-0.62,0.22,-1.18,-1.92,-0.35,-1.11,0.20,-1.13,-0.14
1RTB,A,V63A,F,-2.03,-2.03,-1.59,-1.52,-1.92,0.17,-1.51,-1.99,-1.24,0.12
1RTP,A,K80S,F,-0.29,-0.28,0.49,-0.34,-1.04,0.12,-0.18,-1.25,-0.52,0.04
1RTP,A,S80K,R,0.29,0.30,0.47,-0.44,-1.04,-0.21,-0.02,1.25,-0.40,0.02
1SHF,A,E107F,F,-1.63,-1.25,0.12,-0.57,-1.43,-0.70,-0.83,0.61,0.77,-0.37
1SHF,A,F107E,R,1.63,-0.45,-0.04,-1.88,-0.46,0.63,-1.91,-1.25,0.66,-0.37
1SHF,A,E107H,F,-0.99,-0.80,0.48,-0.73,-1.43,-0.45,-0.70,2.07,-0.77,-0.15
1SHF,A,H107E,R,0.99,0.51,-0.30,-1.06,-1.21,0.29,-1.22,-2.25,-0.96,-0.15
1SHF,A,E107K,F,-0.97,-0.08,-0.58,-0.75,-1.43,-0.41,-0.77,-1.02,-1.23,0.07
1SHF,A,K107E,R,0.97,0.32,1.92,-0.70,-1.40,0.49,-0.69,0.89,-1.44,0.05
1SHF,A,E107L,F,-3.02,0.03,0.20,0.17,-1.43,-0.07,0.18,1.09,0.76,-0.56
1SHF,A,E107Y,F,-2.40,-0.80,1.33,-0.28,-1.43,-0.20,-0.32,3.31,0.41,-0.35
1SHF,A,I111A,F,-2.84,-2.13,-0.55,-2.13,-1.43,0.34,-2.38,-2.12,-2.40,0.41
1SHF,A,I111L,F,-0.71,0.13,1.04,-0.48,-1.43,0.11,-0.34,-0.78,-0.39,0.01
1SHF,A,L111I,R,0.71,0.14,0.04,-0.58,-0.58,-0.41,-0.39,0.78,-0.46,0.01
1SHF,A,S124D,F,-2.02,-0.87,-0.78,-1.49,-1.43,0.01,-1.68,-1.27,-0.27,0.26
1SHF,A,S124F,F,-1.90,-0.83,0.92,-1.06,-1.43,-1.02,-1.01,2.45,0.54,-0.21
1SHF,A,F124S,R,1.90,0.83,0.23,-2.87,-0.93,1.02,-3.11,-4.99,0.57,-0.25
1SHF,A,S124G,F,-1.68,-0.36,-0.18,-1.25,-1.43,0.25,-1.57,-1.12,-1.19,0.03
1SHF,A,G124S,R,1.68,0.16,-0.67,-1.38,-2.24,-0.26,-1.19,-0.63,-1.19,0.03
1SHF,A,S124H,F,-1.25,-1.09,-0.43,-1.56,-1.43,-0.84,-1.64,-0.03,-0.35,-0.07
1SHF,A,H124S,R,1.25,-0.60,-1.00,-2.14,-1.39,0.84,-2.38,-2.21,-0.40,-0.07
1SHF,A,S124L,F,-0.37,-0.98,0.87,-0.24,-1.43,-0.72,-0.04,1.98,0.80,-0.37
1SHF,A,L124S,R,0.37,0.87,0.09,-3.14,-0.22,0.72,-3.33,-4.11,0.79,-0.36
1SHF,A,S124N,F,-0.73,-0.60,-1.40,-1.04,-1.43,-0.09,-1.09,-0.99,-0.14,0.18
1SHF,A,N124S,R,0.73,-0.66,0.06,-1.62,-1.26,0.09,-1.63,-0.21,-0.13,0.20
1SHF,A,G128A,F,-1.78,-0.87,-0.29,-0.24,-1.43,0.21,-0.30,-1.25,-0.58,0.06
1SHF,A,A128G,R,1.78,0.54,-0.23,-0.36,-1.19,-0.15,-0.22,1.25,-0.61,0.06
1SHF,A,V138M,F,-0.52,-0.02,0.46,-0.01,-1.43,-0.17,-0.00,-0.88,-0.63,0.11
1SHF,A,M138V,R,0.52,-0.14,0.54,-0.49,-1.43,0.19,-0.20,-0.79,-0.75,0.12
1TIT,A,L60A,F,-4.88,-3.12,0.27,-2.61,-1.57,0.50,-2.94,-2.49,-2.62,0.27
1TIT,A,C63S,F,-2.08,-1.71,-0.26,-1.26,-1.57,-0.06,-1.30,-2.25,-1.18,0.41
1TIT,A,V86A,F,-4.45,-2.26,0.02,-2.26,-1.57,0.75,-2.59,-2.73,-1.22,0.28
1TTQ,A,F22L,F,-1.05,-2.18,1.36,-1.23,-0.61,0.39,-1.33,-0.55,-0.82,-0.08
1TTQ,A,L22F,R,1.05,-0.43,-0.45,-1.10,-0.05,-0.44,-1.22,0.04,-0.69,-0.08
1TTQ,A,F22V,F,-3.44,-1.95,0.79,-1.67,-0.61,0.55,-1.80,-0.75,-1.35,0.00
1UZC,A,E27A,F,-0.62,-0.84,1.75,-0.86,-1.35,0.09,-0.62,1.29,-0.52,0.01
1UZC,A,A27E,R,0.62,0.33,-0.41,-1.28,-1.67,-0.23,-1.08,-1.29,-0.55,-0.02
1UZC,A,Q38G,F,-1.57,-0.90,0.47,-0.73,-1.35,0.32,-0.76,-2.85,-0.81,0.23
1UZC,A,G38Q,R,1.57,0.82,0.58,-0.93,-1.51,-0.46,-0.43,2.86,-1.01,0.20
1UZC,A,I44V,F,-0.30,-0.39,0.25,-1.18,-1.35,0.17,-1.11,-0.59,-0.28,0.16
1UZC,A,V44I,R,0.30,0.43,-0.05,-0.62,-1.16,-0.15,-0.42,0.59,-0.24,0.17
1UZC,A,A61G,F,-2.07,-1.50,-1.42,-1.42,-1.35,0.30,-1.76,-4.24,-1.30,0.26
1YYJ,A,L3A,F,-1.60,-0.63,1.65,-0.95,-1.86,1.65,-0.71,0.14,-1.27,0.09
1YYJ,A,A3L,R,1.60,0.33,0.51,-0.36,-1.87,-1.22,-0.04,-0.13,-1.13,0.10
1YYJ,A,A20G,F,-1.97,-1.73,-0.12,-1.31,-1.86,0.09,-1.74,-3.16,-1.30,0.18
1YYJ,A,G20A,R,1.97,0.97,0.18,-0.71,-1.47,-0.09,-0.62,1.64,-1.37,0.19
1YYJ,A,F61A,F,-4.52,-2.03,0.08,-1.77,-1.86,1.40,-1.82,-0.86,-2.47,0.09
1YYJ,A,F65A,F,-1.92,-2.83,-0.27,-2.74,-1.86,1.86,-2.91,-1.26,-2.77,0.08
1YYJ,A,A65F,R,1.92,0.69,-0.67,-1.30,-1.56,-1.84,-1.41,1.26,-2.65,0.08
1YYJ,A,Y105A,F,-2.36,0.08,1.80,-0.75,-1.86,2.33,-0.47,2.22,-1.92,-0.06
1ZG4,A,W290F,F,-0.83,-1.59,-0.66,-1.12,,-0.09,-1.27,-1.57,-0.71,-0.02
1ZG4,A,F290W,R,0.83,0.42,-0.23,-0.36,,-0.26,-0.41,1.57,-0.79,-0.02
1ZNJ,B,H10E,F,1.11,0.52,0.95,0.25,-1.44,0.08,0.44,0.87,0.16,-0.42
1ZNJ,B,E10H,R,-1.11,-0.20,0.51,-0.61,-0.51,-0.01,-0.54,-0.86,0.16,-0.41
1ZNJ,B,H10T,F,0.03,0.48,0.37,0.40,-1.44,0.07,0.47,-1.35,-0.19,0.12
1ZNJ,B,T10H,R,-0.03,-0.38,0.51,-1.11,-0.97,-0.09,-0.96,1.35,-0.19,0.12
1ZNJ,B,F25D,F,0.48,0.38,0.65,0.49,-1.44,-0.03,0.68,-1.86,-0.74,-0.18
1ZNJ,B,D25F,R,-0.48,0.17,-0.01,0.06,-1.44,0.03,0.15,1.87,-0.68,-0.17
2A01,A,L141R,F,-0.65,0.43,0.83,0.20,-1.40,0.11,0.36,-0.42,-0.61,-0.04
2A01,A,R141L,R,0.65,0.01,0.63,0.61,-1.40,-0.08,0.58,0.42,-0.68,-0.05
2A36,A,T22A,F,0.40,-0.83,0.84,-0.38,-0.52,0.04,-0.19,2.85,-1.33,0.05
2A36,A,A22T,R,-0.40,0.57,-0.69,-0.99,-0.45,-0.09,-1.07,-2.85,-1.32,0.05
2A36,A,T22F,F,1.30,-0.18,1.01,-0.66,-0.52,-0.17,-0.70,2.03,-0.65,0.09
2A36,A,F22T,R,-1.30,-0.65,-0.53,-1.15,-0.09,0.17,-1.22,-2.02,-0.64,0.07
2A36,A,T22L,F,0.50,-0.22,0.57,-0.00,-0.52,-0.08,0.17,2.25,-1.08,-0.01
2A36,A,L22T,R,-0.50,0.08,-0.57,-0.89,0.13,0.02,-0.87,-2.25,-1.08,-0.03
2A36,A,T22N,F,1.30,-0.15,0.90,-0.34,-0.52,0.01,-0.14,2.40,-1.18,-0.04
2A36,A,N22T,R,-1.30,0.04,-0.26,-0.11,-0.52,-0.03,-0.08,-2.08,-1.17,-0.04
2DRI,A,V50E,F,-3.50,-1.58,-1.25,-2.82,-1.25,0.20,-3.00,-2.68,-2.24,0.34
2IMM,A,A15L,F,1.36,-0.06,0.09,-0.34,,-0.11,-0.21,-0.05,-0.65,-0.11
2IMM,A,L15A,R,-1.36,-0.60,0.68,-0.73,0.49,0.11,-0.62,0.06,-0.65,-0.18
2IMM,A,M21L,F,-0.31,-0.15,0.02,-0.92,-0.56,-0.07,-0.67,-0.13,-0.98,-0.10
2IMM,A,L21M,R,0.31,-0.10,-0.44,-1.05,-0.13,-0.02,-1.14,-0.69,-1.17,-0.08
2IMM,A,K24R,F,-0.17,-0.12,0.22,-0.20,,0.02,0.14,0.44,-0.53,-0.13
2IMM,A,R24K,R,0.17,0.41,0.23,-0.76,,0.07,-0.50,-0.12,-0.54,-0.12
2IMM,A,Q79E,F,-0.41,0.07,0.23,-0.21,,-0.04,0.00,-0.08,-0.50,0.06
2IMM,A,E79Q,R,0.41,-0.46,0.31,-0.24,,0.04,-0.04,-0.51,-0.35,0.06
2IMM,A,L106I,F,0.36,-0.16,0.36,-0.77,,-0.03,-0.56,0.92,-1.09,0.06
2IMM,A,I106L,R,-0.36,-0.15,0.83,-0.66,,0.11,-0.53,-0.91,-1.14,0.06
2LZM,A,G51D,F,-2.63,-0.98,-0.81,-0.87,-1.37,0.20,-0.74,-2.87,-1.24,-0.05
2LZM,A,I58Y,F,-3.11,-0.52,-2.05,-1.30,-1.37,-0.62,-1.79,-2.91,-1.47,0.16
2LZM,A,A146I,F,-4.31,0.15,0.57,0.14,-1.37,-0.72,0.31,-0.01,-0.93,-0.06
2LZM,A,F153C,F,-3.11,-1.87,0.82,-1.69,-1.37,1.10,-1.58,0.72,-1.89,0.08
2NVH,A,R4Q,F,-0.57,-0.57,0.28,-0.17,-1.04,0.19,-0.02,-0.50,-0.70,-0.04
2NVH,A,Q4R,R,0.57,0.64,0.33,0.23,-0.30,-0.07,0.49,0.50,-0.64,-0.04
2NVH,A,N7D,F,0.09,-0.29,0.30,-0.65,-1.04,-0.03,-0.57,0.28,-0.59,0.08
2NVH,A,D7N,R,-0.09,-0.36,0.47,-0.45,-0.76,0.01,-0.30,-0.28,-0.61,0.08
2NVH,A,C8S,F,-3.74,-1.68,-1.14,-2.15,-1.04,0.31,-2.27,-3.38,-1.34,0.33
2RN2,A,H62A,F,0.44,0.12,0.91,1.03,-1.22,0.12,0.98,0.30,-0.04,-0.04
2RN2,A,A62H,R,-0.44,0.12,-0.40,-0.89,0.02,-0.56,-0.79,-0.30,-0.02,-0.06
2RN2,A,H83A,F,0.07,0.22,1.59,0.40,-1.22,0.26,0.51,1.34,-0.25,-0.13
2RN2,A,A83H,R,-0.07,0.12,-0.35,-0.79,-1.22,-0.19,-0.70,-1.33,-0.25,-0.13
2TRX,A,D26I,F,3.37,2.74,1.66,2.08,0.07,-0.29,2.20,4.29,-0.14,-0.90
2TRX,A,T66L,F,-1.03,0.37,1.34,0.34,0.07,-0.28,0.59,2.18,-0.84,-0.28
2TRX,A,L66T,R,1.03,0.27,-1.44,-1.98,0.07,0.28,-2.14,-3.71,-0.95,-0.28
3GLY,A,G139A,F,-1.40,-0.00,1.86,-0.25,,-0.18,0.08,2.72,-0.94,-0.14
3GLY,A,A139G,R,1.40,-0.24,-0.93,-1.12,,0.18,-1.43,-4.24,-0.94,-0.14
3GLY,A,G383A,F,0.11,-0.04,1.36,-0.60,,-0.15,-0.11,4.34,-0.87,-0.09
3GLY,A,A383G,R,-0.11,-0.36,-1.10,-1.28,,0.15,-1.45,-4.34,-0.87,-0.09
3MBP,A,W10A,F,-4.31,-3.24,0.18,-3.51,-2.08,1.42,-3.20,-0.35,-2.36,0.01
3PGK,A,Y48W,F,-1.62,-0.17,0.28,-0.60,-0.90,0.04,-0.30,2.08,-0.69,-0.02
3PGK,A,W48Y,R,1.62,-0.33,0.07,-1.07,-1.10,0.07,-1.00,-2.07,-0.57,-0.02
3PGK,A,Y122W,F,-2.19,-0.14,1.41,-0.74,-0.90,0.61,-0.72,2.22,-0.50,0.03
3PGK,A,F194W,F,-1.12,-0.15,0.50,-0.05,-0.90,-0.48,-0.05,-0.03,-0.73,0.05
3PGK,A,W194F,R,1.12,-0.04,0.29,-1.86,-1.72,1.20,-2.05,-1.69,-0.68,0.05
3PGK,A,H388Q,F,-0.84,-0.35,-0.61,-0.99,-0.90,0.01,-1.15,-1.95,-1.14,0.06
3PGK,A,Q388H,R,0.84,-0.34,-0.94,-1.13,-0.90,-0.19,-1.22,-0.37,-1.01,0.08
3SIL,A,A53L,F,0.90,-0.10,0.80,0.27,-0.25,-1.15,0.47,0.19,-0.89,-0.10
3SIL,A,L53A,R,-0.90,-0.25,0.05,-2.98,-0.25,1.16,-3.35,-2.49,-0.89,-0.11
4LYZ,A,E35A,F,1.24,-0.19,1.30,-0.36,-0.71,0.57,-0.28,0.96,-0.69,-0.25
4LYZ,A,A35E,R,-1.24,0.39,-0.21,-1.38,-0.71,-0.55,-1.22,0.08,-0.70,-0.27
5DFR,A,I2V,F,-0.55,-0.74,0.90,-1.74,-0.51,0.28,-1.74,-0.28,-1.07,0.02
5DFR,A,V2I,R,0.55,0.66,0.28,-0.96,,-0.33,-0.86,0.29,-1.06,0.03
5DFR,A,W30M,F,-1.94,-0.05,-0.24,-1.36,,0.65,-1.40,-3.05,-0.78,-0.08
5DFR,A,M30W,R,1.94,0.26,0.61,-1.08,,-0.08,-0.86,3.55,-0.77,-0.08
5DFR,A,V40H,F,-2.76,-0.97,-2.32,-2.81,,-0.42,-3.01,-3.76,-2.33,0.47
5DFR,A,N59T,F,-0.05,-0.25,1.93,-0.95,,0.17,-0.55,0.68,-0.41,-0.19
5DFR,A,T59N,R,0.05,-0.40,0.01,-1.34,,0.12,-1.27,-0.83,-0.43,-0.20
5DFR,A,N59W,F,-0.79,-0.11,0.37,-0.22,,-0.94,0.07,2.41,-0.45,-0.32
5DFR,A,W59N,R,0.79,0.15,-0.54,-2.72,,1.16,-2.58,-3.81,-0.42,-0.33
5DFR,A,G67S,F,-0.27,-0.10,-0.08,-0.61,,-0.39,-0.46,-0.31,-1.48,0.02
5DFR,A,S67G,R,0.27,-0.24,-0.11,-0.63,,0.56,-0.78,-1.37,-1.44,0.04
5DFR,A,G67T,F,-0.62,-0.07,0.09,-0.66,,-0.43,-0.52,-0.41,-1.08,-0.00
5DFR,A,T67G,R,0.62,-0.48,0.11,-0.85,,0.60,-0.95,-1.15,-1.03,-0.00
5DFR,A,G95A,F,-0.90,-0.45,2.06,-0.49,,1.00,-0.34,1.09,-1.42,-0.13
5DFR,A,A95G,R,0.90,-0.35,-0.58,-1.15,,0.07,-1.21,-1.84,-1.31,-0.15
5DFR,A,G121C,F,-0.22,-0.52,0.33,-0.84,,-0.92,-0.66,3.03,-1.42,0.03
5DFR,A,C121G,R,0.22,-0.41,-0.14,-1.07,,0.95,-1.22,-3.03,-1.43,0.02
5DFR,A,G121H,F,-0.56,-0.24,0.28,-0.39,,-1.23,-0.36,1.68,-1.68,0.15
5DFR,A,H121G,R,0.56,-0.02,0.41,-0.17,,1.26,-0.35,-1.68,-1.70,0.14
5DFR,A,I155T,F,-2.53,-2.88,-2.04,-2.85,,0.20,-2.88,-2.17,-1.61,0.25
5PTI,A,A16T,F,-1.70,-0.80,0.09,-0.90,-1.71,-6.98,-0.68,-0.90,-0.79,0.08
5PTI,A,T16A,R,1.70,-0.88,1.00,-0.49,-1.21,0.05,-0.35,0.61,-0.71,0.08
5PTI,A,A16V,F,-1.30,-0.92,0.37,-0.39,-1.71,-7.15,-0.20,-0.60,-0.56,0.00
5PTI,A,V16A,R,1.30,-0.09,0.39,-0.69,-0.64,0.23,-0.45,0.30,-0.49,-0.00
5PTI,A,Y35D,F,-3.80,-3.93,-1.72,-3.10,-1.71,-6.41,-3.35,-4.34,-2.05,0.41
